<?xml version="1.0" encoding="utf-8" standalone="yes" ?>
<T3locallangExt>
	<data type="array">
		<languageKey index="de" type="array">
			<label index="mlang_tabs_tab">Powermail</label>
			<label index="mlang_labels_tabdescr">Liste aller empfangenen E-Mails in der Datenbank. Es besteht die Möglichkeit, die Liste zu filtern und als CSV zu exportieren (Excel).</label>
			<label index="mlang_labels_tablabel">Powermail-Liste</label>
		</languageKey>
	</data>
	<orig_hash type="array">
		<languageKey index="de" type="array">
			<label index="mlang_tabs_tab" type="integer">107899698</label>
			<label index="mlang_labels_tabdescr" type="integer">164560845</label>
			<label index="mlang_labels_tablabel" type="integer">248416704</label>
		</languageKey>
	</orig_hash>
	<orig_text type="array">
		<languageKey index="de" type="array">
			<label index="mlang_tabs_tab">Powermail</label>
			<label index="mlang_labels_tabdescr">List of all registered mails in database. Possibility to filter and export to CSV (Excel).</label>
			<label index="mlang_labels_tablabel">Powermail list</label>
		</languageKey>
	</orig_text>
</T3locallangExt>