<?xml version="1.0" encoding="utf-8" standalone="yes" ?>
<T3locallangExt>
	<data type="array">
		<languageKey index="de" type="array">
			<label index="pi1_title">powermail</label>
			<label index="pi1_plus_wiz_description">Umfangreiche E-Mail-Formular-Erweiterung mit Datenbankspeicherung, Feldüberprüfung und vielem mehr...</label>
		</languageKey>
	</data>
	<orig_hash type="array">
		<languageKey index="de" type="array">
			<label index="pi1_title" type="integer">10284569</label>
			<label index="pi1_plus_wiz_description" type="integer">857060</label>
		</languageKey>
	</orig_hash>
	<orig_text type="array">
		<languageKey index="de" type="array">
			<label index="pi1_title">powermail</label>
			<label index="pi1_plus_wiz_description">Powerful and easy mailform extension with database storing, javascript validation and many more...</label>
		</languageKey>
	</orig_text>
</T3locallangExt>